TIME, AC_FREQ_1, AC_FREQ_2, AC_FREQ_3, AC_IRMS_1, AC_IRMS_2, AC_IRMS_3, AC_PF_1, AC_PF_2, AC_PF_3, AC_P_1, AC_P_2, AC_P_3, AC_Q_1, AC_Q_2, AC_Q_3, AC_S_1, AC_S_2, AC_S_3, AC_VRMS_1, AC_VRMS_2, AC_VRMS_3, DC_I, DC_P, DC_V, SC_TRIG
0.30048, 60.00000000000001, 60.00000000000001, 60.00000000000001, 0.010681000000002869, 0.0029779999999994438, 0.016505999999997016, nan, nan, nan, 0.0, 0.0, -0.0, 0.0, 0.0, -0.0, 0.0, 0.0, 0.0, 0.0, 0.0, 0.0, 23.22914, 9615.25, 413.98199999999997,0.0
1.02452, 60.00000000000001, 60.00000000000001, 60.00000000000001, 0.010681000000010767, 0.002977999999997669, 0.016505999999996968, nan, nan, nan, 0.0, 0.0, -0.0, 0.0, -0.0, 0.0, 0.0, 0.0, 0.0, 0.0, 0.0, 0.0, 23.2346, 9612.969000000001, 413.97835,0.0
1.70588, 60.00000000000001, 60.00000000000001, 60.00000000000001, 0.010681000000010767, 0.002978000000004751, 0.016506000000037956, nan, nan, nan, 0.0, 0.0, 0.0, 0.0, 0.0, -0.0, 0.0, 0.0, 0.0, 0.0, 0.0, 0.0, 23.22805, 9616.822, 413.9807,0.0
2.40444, 60.00000000000001, 60.00000000000001, 60.00000000000001, 0.010680999999979022, 0.0029780000000047854, 0.016506000000038153, nan, nan, nan, 0.0, 0.0, 0.0, 0.0, 0.0, -0.0, 0.0, 0.0, 0.0, 0.0, 0.0, 0.0, 23.22316, 9615.219000000001, 413.981,0.0
3.1322400000000004, 60.00000000000001, 60.00000000000001, 60.00000000000001, 0.010680999999979022, 0.0029780000000047854, 0.016506000000037956, nan, nan, nan, 0.0, -0.0, 0.0, -0.0, -0.0, -0.0, 0.0, 0.0, 0.0, 0.0, 0.0, 0.0, 23.234050000000003, 9617.911, 413.9778,0.0
3.8528000000000002, 60.00000000000001, 60.00000000000001, 60.00000000000001, 0.010680999999979022, 0.0029779999999905524, 0.016506000000037956, nan, nan, nan, 0.0, 0.0, 0.0, 0.0, 0.0, -0.0, 0.0, 0.0, 0.0, 0.0, 0.0, 0.0, 23.2357, 9614.599, 413.9822,0.0
4.58288, 60.00000000000001, 60.00000000000001, 60.00000000000001, 0.010681000000042514, 0.0029779999999905524, 0.016506000000037956, nan, nan, nan, 0.0, 0.0, 0.0, 0.0, 0.0, -0.0, 0.0, 0.0, 0.0, 0.0, 0.0, 0.0, 23.22446, 9615.231, 413.9769,0.0
5.277200000000001, 60.00000000000001, 60.00000000000001, 60.00000000000001, 0.010681000000042514, 0.0029779999999905524, 0.016506000000037956, nan, nan, nan, 0.0, 0.0, 0.0, 0.0, 0.0, 0.0, 0.0, 0.0, 0.0, 0.0, 0.0, 0.0, 23.22531, 9614.797999999999, 413.978,0.0
5.9750000000000005, 60.00000000000001, 60.00000000000001, 60.00000000000001, 0.010681000000042514, 0.0029779999999905524, 0.016506000000037956, nan, nan, nan, -0.0, 0.0, 0.0, -0.0, 0.0, 0.0, 0.0, 0.0, 0.0, 0.0, 0.0, 0.0, 23.22745, 9616.228, 413.9781,0.0
6.677600000000001, 60.00000000000001, 60.00000000000001, 60.00000000000001, 0.010681000000042514, 0.0029779999999905524, 0.016506000000037956, nan, nan, nan, 0.0, 0.0, 0.0, 0.0, 0.0, 0.0, 0.0, 0.0, 0.0, 0.0, 0.0, 0.0, 23.22585, 9614.425, 413.9812,0.0
7.41612, 60.00000000000001, 60.00000000000001, 60.00000000000001, 0.010681000000042514, 0.0029779999999905524, 0.01650599999987361, nan, nan, nan, 0.0, 0.0, -0.0, -0.0, -0.0, 0.0, 0.0, 0.0, 0.0, 0.0, 0.0, 0.0, 23.2334, 9616.626, 413.97895,0.0
8.1202, 60.00000000000001, 60.00000000000001, 60.00000000000001, 0.01068100000004282, 0.0029779999999905524, 0.0165059999998744, nan, nan, nan, 0.0, 0.0, 0.0, 0.0, 0.0, -0.0, 0.0, 0.0, 0.0, 0.0, 0.0, 0.0, 23.23162, 9614.812, 413.98040000000003,0.0
8.858, 60.00000000000001, 60.00000000000001, 60.00000000000001, 0.010680999999916441, 0.002977999999990689, 0.0165059999998744, nan, nan, nan, 0.0, 0.0, -0.0, 0.0, -0.0, 0.0, 0.0, 0.0, 0.0, 0.0, 0.0, 0.0, 23.23134, 9615.178, 413.9779,0.0
9.527600000000001, 60.00000000000001, 60.00000000000001, 60.00000000000001, 0.010680999999915832, 0.0029779999999905524, 0.0165059999998744, nan, nan, nan, -0.0, 0.0, 0.0, 0.0, 0.0, 0.0, 0.0, 0.0, 0.0, 0.0, 0.0, 0.0, 23.22157, 9612.343, 413.97795,0.0
10.217440000000002, 60.00000000000001, 60.00000000000001, 60.00000000000001, 0.010680999999915832, 0.002977999999990689, 0.01650599999987361, nan, nan, nan, 0.0, 0.0, -0.0, 0.0, -0.0, 0.0, 0.0, 0.0, 0.0, 0.0, 0.0, 0.0, 23.22802, 9616.454, 413.97580000000005,0.0
10.937240000000001, 60.00000000000001, 60.00000000000001, 60.00000000000001, 0.010680999999915832, 0.0029779999999905524, 0.0165059999998744, nan, nan, nan, 0.0, 0.0, 0.0, 0.0, 0.0, -0.0, 0.0, 0.0, 0.0, 0.0, 0.0, 0.0, 23.22627, 9615.528999999999, 413.9778,0.0
11.678040000000001, 60.00000000000001, 60.00000000000001, 60.00000000000001, 0.010680999999915832, 0.0029779999999905524, 0.0165059999998744, nan, nan, nan, 0.0, 0.0, 0.0, 0.0, 0.0, 0.0, 0.0, 0.0, 0.0, 0.0, 0.0, 0.0, 23.22611, 9615.505000000001, 413.97985,0.0
12.38784, 60.00000000000001, 60.00000000000001, 60.00000000000001, 0.010680999999915832, 0.0029779999999905524, 0.01650599999987361, nan, nan, nan, 0.0, 0.0, 0.0, 0.0, 0.0, 0.0, 0.0, 0.0, 0.0, 0.0, 0.0, 0.0, 23.22786, 9618.689, 413.97685,0.0
13.107400000000002, 60.00000000000001, 60.00000000000001, 60.00000000000001, 0.010680999999916441, 0.002977999999990689, 0.0165059999998744, nan, nan, nan, 0.0, 0.0, -0.0, 0.0, -0.0, 0.0, 0.0, 0.0, 0.0, 0.0, 0.0, 0.0, 23.23135, 9618.551, 413.97625,0.0
13.78424, 60.00000000000001, 60.00000000000001, 60.00000000000001, 0.010680999999915832, 0.0029780000000473477, 0.01650599999987361, nan, nan, nan, -0.0, 0.0, 0.0, -0.0, 0.0, 0.0, 0.0, 0.0, 0.0, 0.0, 0.0, 0.0, 23.228450000000002, 9615.971, 413.9756,0.0
14.480080000000001, 60.00000000000001, 60.00000000000001, 60.00000000000001, 0.010680999999916441, 0.0029780000000476205, 0.0165060000002023, nan, nan, nan, 0.0, 0.0, 0.0, 0.0, 0.0, 0.0, 0.0, 0.0, 0.0, 0.0, 0.0, 0.0, 23.2196, 9617.402, 413.97895,0.0
15.181400000000002, 60.00000000000001, 60.00000000000001, 60.00000000000001, 0.010680999999916441, 0.0029780000000476205, 0.016506000000203875, nan, nan, nan, 0.0, -0.0, -0.0, -0.0, -0.0, -0.0, 0.0, 0.0, 0.0, 0.0, 0.0, 0.0, 23.222839999999998, 9616.867, 413.97815,0.0
15.9182, 60.00000000000001, 60.00000000000001, 60.00000000000001, 0.010680999999915832, 0.0029780000000473477, 0.0165060000002023, nan, nan, nan, 0.0, 0.0, -0.0, 0.0, -0.0, -0.0, 0.0, 0.0, 0.0, 0.0, 0.0, 0.0, 23.21855, 9615.23, 413.98199999999997,0.0
16.64, 60.00000000000001, 60.00000000000001, 60.00000000000001, 0.010680999999914615, 0.0029780000000473477, 0.0165060000002023, nan, nan, nan, 0.0, 0.0, 0.0, 0.0, 0.0, 0.0, 0.0, 0.0, 0.0, 0.0, 0.0, 0.0, 23.22545, 9613.287, 413.97685,0.0
17.35256, 60.00000000000001, 60.00000000000001, 60.00000000000001, 0.010681000000169805, 0.0029780000000473477, 0.0165060000002023, nan, nan, nan, 0.0, -0.0, -0.0, -0.0, -0.0, -0.0, 0.0, 0.0, 0.0, 0.0, 0.0, 0.0, 23.22312, 9613.021, 413.98109999999997,0.0
18.06588, 60.00000000000001, 60.00000000000001, 60.00000000000001, 0.010681000000168587, 0.0029780000000473477, 0.016506000000200725, nan, nan, nan, -0.0, 0.0, 0.0, 0.0, 0.0, 0.0, 0.0, 0.0, 0.0, 0.0, 0.0, 0.0, 23.22296, 9614.557, 413.9814,0.0
18.815440000000002, 60.00000000000001, 60.00000000000001, 60.00000000000001, 0.010681000000168587, 0.0029780000000473477, 0.016506000000200725, nan, nan, nan, 0.0, 0.0, 0.0, -0.0, 0.0, 0.0, 0.0, 0.0, 0.0, 0.0, 0.0, 0.0, 23.22679, 9616.148, 413.98235,0.0
19.61596, 60.00000000000001, 60.00000000000001, 60.00000000000001, 0.010681000000168587, 0.0029780000000476205, 0.0165060000002023, nan, nan, nan, 0.0, 0.0, 0.0, 0.0, 0.0, 0.0, 0.0, 0.0, 0.0, 0.0, 0.0, 0.0, 23.22273, 9617.654999999999, 413.9792,0.0
20.375, 60.00000000000001, 60.00000000000001, 60.00000000000001, 0.010681000000168587, 0.0029780000000473477, 0.016506000000200725, nan, nan, nan, 0.0, 0.0, 0.0, 0.0, -0.0, 0.0, 0.0, 0.0, 0.0, 0.0, 0.0, 0.0, 23.220480000000002, 9616.144, 413.97839999999997,0.0
21.21272, 60.00000000000001, 60.00000000000001, 60.00000000000001, 0.010681000000168587, 0.0029780000000473477, 0.0165060000002023, nan, nan, nan, -0.0, 0.0, -0.0, 0.0, 0.0, 0.0, 0.0, 0.0, 0.0, 0.0, 0.0, 0.0, 23.23506, 9615.683, 413.97745,0.0
22.09268, 60.00000000000001, 60.00000000000001, 60.00000000000001, 0.010681000000168587, 0.0029780000000473477, 0.0165060000002023, nan, nan, nan, 0.0, 0.0, 0.0, 0.0, 0.0, 0.0, 0.0, 0.0, 0.0, 0.0, 0.0, 0.0, 23.22259, 9615.593, 413.97659999999996,0.0
22.861720000000002, 60.00000000000001, 60.00000000000001, 60.00000000000001, 0.010681000000169805, 0.0029780000000473477, 0.016506000000200725, nan, nan, nan, 0.0, 0.0, -0.0, 0.0, 0.0, 0.0, 0.0, 0.0, 0.0, 0.0, 0.0, 0.0, 23.22376, 9617.007, 413.97965,0.0
23.65772, 60.00000000000001, 60.00000000000001, 60.00000000000001, 0.010681000000168587, 0.0029780000000473477, 0.016506000000200725, nan, nan, nan, 0.0, -0.0, -0.0, -0.0, -0.0, -0.0, 0.0, 0.0, 0.0, 0.0, 0.0, 0.0, 23.23103, 9615.526, 413.9783,0.0
24.40904, 60.00000000000001, 60.00000000000001, 60.00000000000001, 0.010681000000168587, 0.0029780000000476205, 0.0165060000002023, nan, nan, nan, 0.0, 0.0, 0.0, 0.0, -0.0, -0.0, 0.0, 0.0, 0.0, 0.0, 0.0, 0.0, 23.2215, 9617.027, 413.97715,0.0
25.181040000000003, 60.00000000000001, 60.00000000000001, 60.00000000000001, 0.010681000000168587, 0.0029780000000473477, 0.0165060000002023, nan, nan, nan, 0.0, 0.0, -0.0, 0.0, -0.0, 0.0, 0.0, 0.0, 0.0, 0.0, 0.0, 0.0, 23.23258, 9614.743, 413.9791,0.0
26.071800000000003, 60.00000000000001, 60.00000000000001, 60.00000000000001, 0.010681000000168587, 0.0029780000000473477, 0.0165060000002023, nan, nan, nan, 0.0, 0.0, -0.0, 0.0, 0.0, 0.0, 0.0, 0.0, 0.0, 0.0, 0.0, 0.0, 23.229370000000003, 9613.310000000001, 413.9777,0.0
26.96496, 60.00000000000001, 60.00000000000001, 60.00000000000001, 0.010681000000168587, 0.0029780000000473477, 0.0165060000002023, nan, nan, nan, 0.0, 0.0, 0.0, 0.0, -0.0, 0.0, 0.0, 0.0, 0.0, 0.0, 0.0, 0.0, 23.22761, 9616.524, 413.9756,0.0
27.72624, 60.00000000000001, 60.00000000000001, 60.00000000000001, 0.010681000000168587, 0.0029780000000470745, 0.0165060000002023, nan, nan, nan, 0.0, 0.0, 0.0, 0.0, 0.0, 0.0, 0.0, 0.0, 0.0, 0.0, 0.0, 0.0, 23.220860000000002, 9615.588, 413.97704999999996,0.0
28.564480000000003, 60.00000000000001, 60.00000000000001, 60.00000000000001, 0.010681000000168587, 0.0029780000000476205, 0.0165060000002023, nan, nan, nan, 0.0, 0.0, 0.0, 0.0, 0.0, 0.0, 0.0, 0.0, 0.0, 0.0, 0.0, 0.0, 23.22649, 9616.892, 413.97535,0.0
29.317520000000002, 60.00000000000001, 60.00000000000001, 60.00000000000001, 0.010681000000168587, 0.0029780000000470745, 0.0165060000002023, nan, nan, nan, 0.0, 0.0, -0.0, 0.0, -0.0, 0.0, 0.0, 0.0, 0.0, 0.0, 0.0, 0.0, 23.23193, 9616.804, 413.9776,0.0
30.051600000000004, 60.00000000000001, 60.00000000000001, 60.00000000000001, 0.010681000000168587, 0.0029780000000470745, 0.0165060000002023, nan, nan, nan, 0.0, 0.0, 0.0, 0.0, -0.0, 0.0, 0.0, 0.0, 0.0, 0.0, 0.0, 0.0, 23.22835, 9618.232, 413.97990000000004,0.0
30.755160000000004, 60.00000000000001, 60.00000000000001, 60.00000000000001, 0.010681000000168587, 0.0029780000000476205, 0.0165060000002023, nan, nan, nan, 0.0, 0.0, 0.0, 0.0, 0.0, -0.0, 0.0, 0.0, 0.0, 0.0, 0.0, 0.0, 23.22157, 9613.271, 413.9825,0.0
31.577400000000004, 60.00000000000001, 60.00000000000001, 60.00000000000001, 0.010681000000168587, 0.0029780000000470745, 0.0165060000002023, nan, nan, nan, 0.0, 0.0, -0.0, -0.0, -0.0, 0.0, 0.0, 0.0, 0.0, 0.0, 0.0, 0.0, 23.22927, 9616.73, 413.9772,0.0
32.432120000000005, 60.00000000000001, 60.00000000000001, 60.00000000000001, 0.010681000000168587, 0.0029780000000470745, 0.0165060000002023, nan, nan, nan, 0.0, 0.0, 0.0, -0.0, -0.0, 0.0, 0.0, 0.0, 0.0, 0.0, 0.0, 0.0, 23.22478, 9613.67, 413.97565,0.0
33.33484, 60.00000000000001, 60.00000000000001, 60.00000000000001, 0.010681000000168587, 0.0029780000000470745, 0.0165060000002023, nan, nan, nan, 0.0, 0.0, 0.0, 0.0, -0.0, -0.0, 0.0, 0.0, 0.0, 0.0, 0.0, 0.0, 23.2277, 9614.376, 413.97735,0.0
34.086360000000006, 60.00000000000001, 60.00000000000001, 60.00000000000001, 0.010681000000169805, 0.0029780000000476205, 0.0165060000002023, nan, nan, nan, 0.0, 0.0, 0.0, -0.0, 0.0, 0.0, 0.0, 0.0, 0.0, 0.0, 0.0, 0.0, 23.23237, 9615.812, 413.97565,0.0
34.85392, 60.00000000000001, 60.00000000000001, 60.00000000000001, 0.01068099999966186, 0.0029780000000470745, 0.0165060000002023, nan, nan, nan, 0.0, -0.0, -0.0, 0.0, -0.0, -0.0, 0.0, 0.0, 0.0, 0.0, 0.0, 0.0, 23.23201, 9615.443, 413.9816,0.0
35.571200000000005, 60.00000000000001, 60.00000000000001, 60.00000000000001, 0.010680999999664298, 0.0029780000000476205, 0.016506000000205454, nan, nan, nan, 0.0, 0.0, 0.0, 0.0, 0.0, 0.0, 0.0, 0.0, 0.0, 0.0, 0.0, 0.0, 23.221, 9617.89, 413.981,0.0
36.355000000000004, 60.00000000000001, 60.00000000000001, 60.00000000000001, 0.01068099999966186, 0.0029780000000470745, 0.0165060000002023, nan, nan, nan, 0.0, 0.0, 0.0, 0.0, 0.0, 0.0, 0.0, 0.0, 0.0, 0.0, 0.0, 0.0, 23.22859, 9614.036, 413.9774,0.0
37.214200000000005, 60.00000000000001, 60.00000000000001, 60.00000000000001, 0.01068099999966186, 0.0029780000000470745, 0.0165060000002023, nan, nan, nan, 0.0, -0.0, -0.0, 0.0, 0.0, 0.0, 0.0, 0.0, 0.0, 0.0, 0.0, 0.0, 23.227919999999997, 9616.426, 413.9776,0.0
38.02248, 60.00000000000001, 60.00000000000001, 60.00000000000001, 0.010680999999664298, 0.0029780000000470745, 0.016506000000205454, nan, nan, nan, 0.0, -0.0, -0.0, 0.0, 0.0, 0.0, 0.0, 0.0, 0.0, 0.0, 0.0, 0.0, 23.23065, 9613.761999999999, 413.97985,0.0
38.803760000000004, 60.00000000000001, 60.00000000000001, 60.00000000000001, 0.01068099999966186, 0.0029780000000470745, 0.0165060000002023, nan, nan, nan, -0.0, 0.0, 0.0, 0.0, 0.0, 0.0, 0.0, 0.0, 0.0, 0.0, 0.0, 0.0, 23.22018, 9614.793, 413.97934999999995,0.0
39.57376, 60.00000000000001, 60.00000000000001, 60.00000000000001, 0.01068099999966186, 0.0029780000000476205, 0.0165060000002023, nan, nan, nan, -0.0, 0.0, 0.0, 0.0, 0.0, 0.0, 0.0, 0.0, 0.0, 0.0, 0.0, 0.0, 23.229709999999997, 9613.183, 413.98075,0.0
40.30084, 60.00000000000001, 60.00000000000001, 60.00000000000001, 0.01068099999966186, 0.0029780000000470745, 0.0165060000002023, nan, nan, nan, -0.0, -0.0, 0.0, 0.0, -0.0, 0.0, 0.0, 0.0, 0.0, 0.0, 0.0, 0.0, 23.22435, 9617.515, 413.97695,0.0
41.15632, 60.00000000000001, 60.00000000000001, 60.00000000000001, 0.01068099999966186, 0.0029780000000476205, 0.0165060000002023, nan, nan, nan, -0.0, 0.0, 0.0, 0.0, 0.0, 0.0, 0.0, 0.0, 0.0, 0.0, 0.0, 0.0, 23.230339999999998, 9617.248, 413.97794999999996,0.0
41.9386, 60.00000000000001, 60.00000000000001, 60.00000000000001, 0.01068099999966186, 0.0029780000000470745, 0.0165060000002023, nan, nan, nan, 0.0, -0.0, -0.0, -0.0, -0.0, 0.0, 0.0, 0.0, 0.0, 0.0, 0.0, 0.0, 23.23215, 9616.566, 413.97945000000004,0.0
42.686400000000006, 60.00000000000001, 60.00000000000001, 60.00000000000001, 0.01068099999966186, 0.0029780000000470745, 0.0165060000002023, nan, nan, nan, 0.0, 0.0, 0.0, 0.0, 0.0, 0.0, 0.0, 0.0, 0.0, 0.0, 0.0, 0.0, 23.22253, 9613.622, 413.97659999999996,0.0
43.402680000000004, 60.00000000000001, 60.00000000000001, 60.00000000000001, 0.01068099999966186, 0.0029780000000470745, 0.0165060000002023, nan, nan, nan, 0.0, 0.0, 0.0, 0.0, 0.0, 0.0, 0.0, 0.0, 0.0, 0.0, 0.0, 0.0, 23.228319999999997, 9615.462, 413.97775,0.0
44.160000000000004, 60.00000000000001, 60.00000000000001, 60.00000000000001, 0.01068099999966186, 0.0029780000000476205, 0.016506000000205454, nan, nan, nan, 0.0, 0.0, 0.0, 0.0, 0.0, 0.0, 0.0, 0.0, 0.0, 0.0, 0.0, 0.0, 23.2194, 9613.762, 413.98135,0.0
44.911280000000005, 60.00000000000001, 60.00000000000001, 60.00000000000001, 0.01068099999966186, 0.0029780000000476205, 0.0165060000002023, nan, nan, nan, -0.0, -0.0, 0.0, 0.0, 0.0, 0.0, 0.0, 0.0, 0.0, 0.0, 0.0, 0.0, 23.23011, 9615.961, 413.97745,0.0
45.67208, 60.00000000000001, 60.00000000000001, 60.00000000000001, 0.01068099999966186, 0.0029780000000470745, 0.0165060000002023, nan, nan, nan, 0.0, 0.0, 0.0, 0.0, 0.0, -0.0, 0.0, 0.0, 0.0, 0.0, 0.0, 0.0, 23.22553, 9614.393, 413.97765,0.0
46.353640000000006, 60.00000000000001, 60.00000000000001, 60.00000000000001, 0.01068099999966186, 0.0029780000000470745, 0.0165060000002023, nan, nan, nan, 0.0, 0.0, 0.0, 0.0, 0.0, 0.0, 0.0, 0.0, 0.0, 0.0, 0.0, 0.0, 23.23075, 9612.973, 413.97715,0.0
47.052200000000006, 60.00000000000001, 60.00000000000001, 60.00000000000001, 0.01068099999966186, 0.0029780000000470745, 0.0165060000002023, nan, nan, nan, -0.0, -0.0, 0.0, 0.0, 0.0, 0.0, 0.0, 0.0, 0.0, 0.0, 0.0, 0.0, 23.22558, 9617.024, 413.9815,0.0
47.75104, 60.00000000000001, 60.00000000000001, 60.00000000000001, 0.01068099999966186, 0.0029780000000470745, 0.0165060000002023, nan, nan, nan, 0.0, -0.0, -0.0, -0.0, -0.0, 0.0, 0.0, 0.0, 0.0, 0.0, 0.0, 0.0, 23.226869999999998, 9617.075, 413.98045,0.0
48.483360000000005, 60.00000000000001, 60.00000000000001, 60.00000000000001, 0.01068099999966186, 0.0029780000000476205, 0.0165060000002023, nan, nan, nan, -0.0, -0.0, 0.0, -0.0, 0.0, 0.0, 0.0, 0.0, 0.0, 0.0, 0.0, 0.0, 23.23299, 9618.065999999999, 413.97655,0.0
49.20268, 60.00000000000001, 60.00000000000001, 60.00000000000001, 0.01068099999966186, 0.0029780000000470745, 0.0165060000002023, nan, nan, nan, 0.0, -0.0, -0.0, -0.0, -0.0, -0.0, 0.0, 0.0, 0.0, 0.0, 0.0, 0.0, 23.23509, 9616.297, 413.97670000000005,0.0
49.92396, 60.00000000000001, 60.00000000000001, 60.00000000000001, 0.01068099999966186, 0.0029780000000470745, 0.0165060000002023, nan, nan, nan, 0.0, 0.0, 0.0, 0.0, -0.0, 0.0, 0.0, 0.0, 0.0, 0.0, 0.0, 0.0, 23.2198, 9616.421999999999, 413.97955,0.0
50.587320000000005, 60.00000000000001, 60.00000000000001, 60.00000000000001, 0.01068099999966186, 0.0029780000000470745, 0.0165060000002023, nan, nan, nan, 0.0, 0.0, 0.0, 0.0, 0.0, 0.0, 0.0, 0.0, 0.0, 0.0, 0.0, 0.0, 23.22344, 9617.285, 413.97704999999996,0.0
51.285160000000005, 60.00000000000001, 60.00000000000001, 60.00000000000001, 0.01068099999966186, 0.0029780000000476205, 0.0165060000002023, nan, nan, nan, -0.0, 0.0, 0.0, 0.0, 0.0, 0.0, 0.0, 0.0, 0.0, 0.0, 0.0, 0.0, 23.22849, 9616.094, 413.97715,0.0
51.988200000000006, 60.00000000000001, 60.00000000000001, 60.00000000000001, 0.01068099999966186, 0.0029780000000476205, 0.0165060000002023, nan, nan, nan, 0.0, 0.0, -0.0, 0.0, -0.0, -0.0, 0.0, 0.0, 0.0, 0.0, 0.0, 0.0, 23.222830000000002, 9614.17, 413.9803,0.0
52.725, 60.00000000000001, 60.00000000000001, 60.00000000000001, 0.01068099999966186, 0.0029780000000470745, 0.0165060000002023, nan, nan, nan, 0.0, 0.0, 0.0, 0.0, 0.0, 0.0, 0.0, 0.0, 0.0, 0.0, 0.0, 0.0, 23.22795, 9616.36, 413.97945000000004,0.0
53.4658, 60.00000000000001, 60.00000000000001, 60.00000000000001, 0.01068099999966186, 0.0029780000000470745, 0.0165060000002023, nan, nan, nan, 0.0, 0.0, 0.0, 0.0, 0.0, 0.0, 0.0, 0.0, 0.0, 0.0, 0.0, 0.0, 23.23106, 9616.23, 413.9782,0.0
54.1724, 60.00000000000001, 60.00000000000001, 60.00000000000001, 0.01068099999966186, 0.0029780000000470745, 0.0165060000002023, nan, nan, nan, 0.0, 0.0, -0.0, -0.0, -0.0, 0.0, 0.0, 0.0, 0.0, 0.0, 0.0, 0.0, 23.22196, 9613.319, 413.97875,0.0
54.82900000000001, 60.00000000000001, 60.00000000000001, 60.00000000000001, 0.010680999999664298, 0.0029780000000470745, 0.0165060000002023, nan, nan, nan, -0.0, 0.0, 0.0, -0.0, 0.0, 0.0, 0.0, 0.0, 0.0, 0.0, 0.0, 0.0, 23.23207, 9614.194, 413.97865,0.0
55.530800000000006, 60.00000000000001, 60.00000000000001, 60.00000000000001, 0.01068099999966186, 0.0029779999998198947, 0.0165060000002023, nan, nan, nan, 0.0, -0.0, -0.0, -0.0, -0.0, 0.0, 0.0, 0.0, 0.0, 0.0, 0.0, 0.0, 23.230629999999998, 9614.439, 413.98165,0.0
56.25336000000001, 60.00000000000001, 60.00000000000001, 60.00000000000001, 0.01068099999966186, 0.0029779999998198947, 0.0165060000002023, nan, nan, nan, 0.0, -0.0, 0.0, -0.0, -0.0, 0.0, 0.0, 0.0, 0.0, 0.0, 0.0, 0.0, 23.2242, 9615.913, 413.9757,0.0
56.98868, 60.00000000000001, 60.00000000000001, 60.00000000000001, 0.01068099999966186, 0.0029779999998198947, 0.0165060000002023, nan, nan, nan, 0.0, 0.0, 0.0, 0.0, 0.0, 0.0, 0.0, 0.0, 0.0, 0.0, 0.0, 0.0, 23.2272, 9618.014, 413.97995000000003,0.0
57.700480000000006, 60.00000000000001, 60.00000000000001, 60.00000000000001, 0.010680999999664298, 0.0029779999998198947, 0.0165060000002023, nan, nan, nan, 0.0, 0.0, -0.0, 0.0, 0.0, -0.0, 0.0, 0.0, 0.0, 0.0, 0.0, 0.0, 23.23019, 9613.876, 413.97749999999996,0.0
58.412040000000005, 60.00000000000001, 60.00000000000001, 60.00000000000001, 0.01068099999966186, 0.0029779999998198947, 0.0165060000002023, nan, nan, nan, 0.0, 0.0, 0.0, 0.0, 0.0, 0.0, 0.0, 0.0, 0.0, 0.0, 0.0, 0.0, 23.22018, 9615.939, 413.97955,0.0
59.069880000000005, 60.00000000000001, 60.00000000000001, 60.00000000000001, 0.01068099999966186, 0.0029779999998198947, 0.0165060000002023, nan, nan, nan, 0.0, 0.0, -0.0, 0.0, -0.0, -0.0, 0.0, 0.0, 0.0, 0.0, 0.0, 0.0, 23.22485, 9613.824, 413.97860000000003,0.0
59.75972, 60.00000000000001, 60.00000000000001, 60.00000000000001, 0.01068099999966186, 0.0029779999998198947, 0.0165060000002023, nan, nan, nan, 0.0, 0.0, 0.0, 0.0, 0.0, -0.0, 0.0, 0.0, 0.0, 0.0, 0.0, 0.0, 23.22808, 9617.728, 413.9797,0.0
60.48028000000001, 60.00000000000001, 60.00000000000001, 60.00000000000001, 0.01068099999966186, 0.0029779999998198947, 0.0165060000002023, nan, nan, nan, 0.0, 0.0, 0.0, 0.0, 0.0, 0.0, 0.0, 0.0, 0.0, 0.0, 0.0, 0.0, 23.222540000000002, 9613.131, 413.979,0.0
61.2216, 60.00000000000001, 60.00000000000001, 60.00000000000001, 0.01068099999966186, 0.0029779999998198947, 0.0165060000002023, nan, nan, nan, 0.0, 0.0, 0.0, 0.0, 0.0, -0.0, 0.0, 0.0, 0.0, 0.0, 0.0, 0.0, 23.22453, 9616.396, 413.97415,0.0
61.92192000000001, 60.00000000000001, 60.00000000000001, 60.00000000000001, 0.01068099999966186, 0.0029779999998198947, 0.0165060000002023, nan, nan, nan, -0.0, 0.0, 0.0, 0.0, 0.0, 0.0, 0.0, 0.0, 0.0, 0.0, 0.0, 0.0, 23.22906, 9616.007, 413.97905000000003,0.0
62.61372000000001, 60.00000000000001, 60.00000000000001, 60.00000000000001, 0.01068099999966186, 0.0029779999998198947, 0.0165060000002023, nan, nan, nan, -0.0, 0.0, 0.0, 0.0, 0.0, 0.0, 0.0, 0.0, 0.0, 0.0, 0.0, 0.0, 23.22838, 9618.588, 413.97955,0.0
63.278600000000004, 60.00000000000001, 60.00000000000001, 60.00000000000001, 0.01068099999966186, 0.0029779999998198947, 0.0165060000002023, nan, nan, nan, 0.0, 0.0, -0.0, 0.0, -0.0, -0.0, 0.0, 0.0, 0.0, 0.0, 0.0, 0.0, 23.22815, 9617.704000000002, 413.97745,0.0
64.00240000000001, 60.00000000000001, 60.00000000000001, 60.00000000000001, 0.010680999999659425, 0.0029779999998198947, 0.0165060000002023, nan, nan, nan, 0.0, 0.0, -0.0, -0.0, -0.0, 0.0, 0.0, 0.0, 0.0, 0.0, 0.0, 0.0, 23.22115, 9612.149000000001, 413.9791,0.0
64.70448, 60.00000000000001, 60.00000000000001, 60.00000000000001, 0.010680999999664298, 0.0029779999998198947, 0.016506000000195996, nan, nan, nan, 0.0, 0.0, 0.0, 0.0, 0.0, 0.0, 0.0, 0.0, 0.0, 0.0, 0.0, 0.0, 23.23187, 9617.143, 413.97985,0.0
65.36056, 60.00000000000001, 60.00000000000001, 60.00000000000001, 0.010680999999659425, 0.0029779999998198947, 0.0165060000002023, nan, nan, nan, 0.0, 0.0, 0.0, 0.0, 0.0, -0.0, 0.0, 0.0, 0.0, 0.0, 0.0, 0.0, 23.220550000000003, 9613.063, 413.97985,0.0
66.00144, 60.00000000000001, 60.00000000000001, 60.00000000000001, 0.010680999999664298, 0.0029779999998188022, 0.0165060000002023, nan, nan, nan, 0.0, 0.0, -0.0, -0.0, 0.0, 0.0, 0.0, 0.0, 0.0, 0.0, 0.0, 0.0, 23.23184, 9617.649000000001, 413.97995000000003,0.0
66.73996000000001, 60.00000000000001, 60.00000000000001, 60.00000000000001, 0.010680999999664298, 0.0029779999998198947, 0.0165060000002023, nan, nan, nan, 0.0, 0.0, 0.0, 0.0, 0.0, -0.0, 0.0, 0.0, 0.0, 0.0, 0.0, 0.0, 23.22222, 9616.141, 413.9805,0.0
67.44228000000001, 60.00000000000001, 60.00000000000001, 60.00000000000001, 0.010680999999659425, 0.0029779999998198947, 0.0165060000002023, nan, nan, nan, 0.0, 0.0, 0.0, 0.0, 0.0, -0.0, 0.0, 0.0, 0.0, 0.0, 0.0, 0.0, 23.229979999999998, 9616.524, 413.97845,0.0
68.11964, 60.00000000000001, 60.00000000000001, 60.00000000000001, 0.010680999999664298, 0.0029779999998188022, 0.0165060000002023, nan, nan, nan, 0.0, 0.0, 0.0, 0.0, 0.0, 0.0, 0.0, 0.0, 0.0, 0.0, 0.0, 0.0, 23.22179, 9614.188999999998, 413.9755,0.0
68.8212, 60.00000000000001, 60.00000000000001, 60.00000000000001, 0.010681000000680185, 0.0029779999998188022, 0.0165060000002023, nan, nan, nan, 0.0, 0.0, -0.0, -0.0, -0.0, 0.0, 0.0, 0.0, 0.0, 0.0, 0.0, 0.0, 23.22104, 9616.206, 413.97855000000004,0.0
69.48028000000001, 60.00000000000001, 60.00000000000001, 60.00000000000001, 0.010681000000675312, 0.0029779999998198947, 0.0165060000002023, nan, nan, nan, 0.0, 0.0, 0.0, 0.0, 0.0, 0.0, 0.0, 0.0, 0.0, 0.0, 0.0, 0.0, 23.23273, 9617.884999999998, 413.9782,0.0
70.11840000000001, 60.00000000000001, 60.00000000000001, 60.00000000000001, 0.010681000000675312, 0.0029779999998198947, 0.016506000000195996, nan, nan, nan, 0.0, -0.0, -0.0, -0.0, 0.0, 0.0, 0.0, 0.0, 0.0, 0.0, 0.0, 0.0, 23.22651, 9613.417000000001, 413.9819,0.0
70.89144, 60.00000000000001, 60.00000000000001, 60.00000000000001, 0.010681000000680185, 0.0029779999998198947, 0.016506000000195996, nan, nan, nan, 0.0, 0.0, -0.0, -0.0, 0.0, 0.0, 0.0, 0.0, 0.0, 0.0, 0.0, 0.0, 23.22435, 9616.285, 413.97685,0.0
71.61248, 60.00000000000001, 60.00000000000001, 60.00000000000001, 0.010681000000680185, 0.0029779999998198947, 0.0165060000002023, nan, nan, nan, -0.0, 0.0, 0.0, 0.0, 0.0, 0.0, 0.0, 0.0, 0.0, 0.0, 0.0, 0.0, 23.224919999999997, 9615.583999999999, 413.9769,0.0
72.32508, 60.00000000000001, 60.00000000000001, 60.00000000000001, 0.010681000000675312, 0.0029779999998188022, 0.016506000000195996, nan, nan, nan, 0.0, -0.0, 0.0, -0.0, -0.0, 0.0, 0.0, 0.0, 0.0, 0.0, 0.0, 0.0, 23.219, 9611.662, 413.97619999999995,0.0
73.0034, 60.00000000000001, 60.00000000000001, 60.00000000000001, 0.010681000000675312, 0.0029779999998188022, 0.016506000000195996, nan, nan, nan, 0.0, 0.0, -0.0, -0.0, 0.0, 0.0, 0.0, 0.0, 0.0, 0.0, 0.0, 0.0, 23.2211, 9614.972000000002, 413.97955,0.0
73.74096, 60.00000000000001, 60.00000000000001, 60.00000000000001, 0.010681000000680185, 0.0029779999998188022, 0.0165060000002023, nan, nan, nan, -0.0, -0.0, 0.0, -0.0, -0.0, 0.0, 0.0, 0.0, 0.0, 0.0, 0.0, 0.0, 23.22464, 9613.222, 413.97360000000003,0.0
74.45952000000001, 60.00000000000001, 60.00000000000001, 60.00000000000001, 0.010681000000680185, 0.0029779999998198947, 0.0165060000002023, nan, nan, nan, 0.0, 0.0, 0.0, 0.0, 0.0, -0.0, 0.0, 0.0, 0.0, 0.0, 0.0, 0.0, 23.225299999999997, 9615.962, 413.97895,0.0
75.18908, 60.00000000000001, 60.00000000000001, 60.00000000000001, 0.010681000000680185, 0.0029779999998198947, 0.016506000000195996, nan, nan, nan, 0.0, 0.0, 0.0, 0.0, 0.0, 0.0, 0.0, 0.0, 0.0, 0.0, 0.0, 0.0, 23.2225, 9613.683, 413.97555,0.0
75.90012, 60.00000000000001, 60.00000000000001, 60.00000000000001, 0.010681000000675312, 0.0029779999998198947, 0.016506000000195996, nan, nan, nan, 0.0, 0.0, -0.0, 0.0, -0.0, 0.0, 0.0, 0.0, 0.0, 0.0, 0.0, 0.0, 23.22212, 9617.11, 413.98055,0.0
76.60372000000001, 60.00000000000001, 60.00000000000001, 60.00000000000001, 0.010681000000680185, 0.0029779999998198947, 0.0165060000002023, nan, nan, nan, 0.0, 0.0, 0.0, 0.0, -0.0, 0.0, 0.0, 0.0, 0.0, 0.0, 0.0, 0.0, 23.22849, 9613.208999999999, 413.97865,0.0
77.26956000000001, 60.00000000000001, 60.00000000000001, 60.00000000000001, 0.010681000000680185, 0.0029779999998188022, 0.0165060000002023, nan, nan, nan, 0.0, 0.0, 0.0, 0.0, 0.0, 0.0, 0.0, 0.0, 0.0, 0.0, 0.0, 0.0, 23.2317, 9617.556, 413.97884999999997,0.0
78.01036, 60.00000000000001, 60.00000000000001, 60.00000000000001, 0.010681000000675312, 0.0029779999998188022, 0.0165060000002023, nan, nan, nan, -0.0, 0.0, 0.0, 0.0, 0.0, 0.0, 0.0, 0.0, 0.0, 0.0, 0.0, 0.0, 23.22235, 9616.381000000001, 413.97515,0.0
78.73116, 60.00000000000001, 60.00000000000001, 60.00000000000001, 0.010681000000675312, 0.0029779999998198947, 0.0165060000002023, nan, nan, nan, 0.0, -0.0, 0.0, -0.0, 0.0, 0.0, 0.0, 0.0, 0.0, 0.0, 0.0, 0.0, 23.22208, 9612.502, 413.9783,0.0
79.47172, 60.00000000000001, 60.00000000000001, 60.00000000000001, 0.010681000000680185, 0.0029779999998198947, 0.0165060000002023, nan, nan, nan, 0.0, -0.0, 0.0, -0.0, 0.0, 0.0, 0.0, 0.0, 0.0, 0.0, 0.0, 0.0, 23.227159999999998, 9612.773000000001, 413.9752,0.0
80.15428, 60.00000000000001, 60.00000000000001, 60.00000000000001, 0.010681000000675312, 0.0029779999998198947, 0.0165060000002023, nan, nan, nan, 0.0, 0.0, 0.0, 0.0, 0.0, 0.0, 0.0, 0.0, 0.0, 0.0, 0.0, 0.0, 23.2294, 9615.626, 413.9795,0.0
80.8726, 60.00000000000001, 60.00000000000001, 60.00000000000001, 0.010681000000680185, 0.0029779999998188022, 0.0165060000002023, nan, nan, nan, 0.0, 0.0, 0.0, 0.0, 0.0, 0.0, 0.0, 0.0, 0.0, 0.0, 0.0, 0.0, 23.22662, 9615.303, 413.97845,0.0
81.60264000000001, 60.00000000000001, 60.00000000000001, 60.00000000000001, 0.010681000000680185, 0.0029779999998198947, 0.0165060000002023, nan, nan, nan, 0.0, 0.0, 0.0, 0.0, 0.0, 0.0, 0.0, 0.0, 0.0, 0.0, 0.0, 0.0, 23.22307, 9612.093, 413.97675000000004,0.0
82.28648000000001, 60.00000000000001, 60.00000000000001, 60.00000000000001, 0.010681000000680185, 0.0029779999998198947, 0.0165060000002023, nan, nan, nan, 0.0, 0.0, 0.0, 0.0, 0.0, 0.0, 0.0, 0.0, 0.0, 0.0, 0.0, 0.0, 23.22495, 9615.025, 413.97865,0.0
83.00056000000001, 60.00000000000001, 60.00000000000001, 60.00000000000001, 0.010681000000680185, 0.0029779999998188022, 0.0165060000002023, nan, nan, nan, 0.0, 0.0, -0.0, -0.0, -0.0, 0.0, 0.0, 0.0, 0.0, 0.0, 0.0, 0.0, 23.23219, 9616.11, 413.97889999999995,0.0
83.72788000000001, 60.00000000000001, 60.00000000000001, 60.00000000000001, 0.010681000000680185, 0.0029779999998198947, 0.0165060000002023, nan, nan, nan, 0.0, 0.0, -0.0, 0.0, -0.0, 0.0, 0.0, 0.0, 0.0, 0.0, 0.0, 0.0, 23.22137, 9614.280999999999, 413.97405000000003,0.0
84.40296000000001, 60.00000000000001, 60.00000000000001, 60.00000000000001, 0.010681000000680185, 0.0029779999998188022, 0.0165060000002023, nan, nan, nan, 0.0, 0.0, 0.0, 0.0, 0.0, -0.0, 0.0, 0.0, 0.0, 0.0, 0.0, 0.0, 23.22602, 9613.226999999999, 413.9783,0.0
85.08380000000001, 60.00000000000001, 60.00000000000001, 60.00000000000001, 0.010681000000680185, 0.0029779999998198947, 0.016506000000195996, nan, nan, nan, 0.0, 0.0, -0.0, -0.0, -0.0, -0.0, 0.0, 0.0, 0.0, 0.0, 0.0, 0.0, 23.22691, 9615.371, 413.9751,0.0
85.78212, 60.00000000000001, 60.00000000000001, 60.00000000000001, 0.010681000000675312, 0.0029779999998198947, 0.0165060000002023, nan, nan, nan, 0.0, 0.0, 0.0, 0.0, 0.0, 0.0, 0.0, 0.0, 0.0, 0.0, 0.0, 0.0, 23.228360000000002, 9612.822, 413.97709999999995,0.0
86.54140000000001, 60.00000000000001, 60.00000000000001, 60.00000000000001, 0.010681000000680185, 0.0029779999998198947, 0.0165060000002023, nan, nan, nan, -0.0, -0.0, 0.0, 0.0, 0.0, 0.0, 0.0, 0.0, 0.0, 0.0, 0.0, 0.0, 23.22591, 9614.113000000001, 413.9832,0.0
87.24896000000001, 60.00000000000001, 60.00000000000001, 60.00000000000001, 0.010681000000680185, 0.0029779999998198947, 0.0165060000002023, nan, nan, nan, 0.0, 0.0, 0.0, 0.0, 0.0, 0.0, 0.0, 0.0, 0.0, 0.0, 0.0, 0.0, 23.22417, 9613.043, 413.97825,0.0
87.97752000000001, 60.00000000000001, 60.00000000000001, 60.00000000000001, 0.010681000000675312, 0.0029779999998198947, 0.0165060000002023, nan, nan, nan, -0.0, -0.0, -0.0, -0.0, 0.0, 0.0, 0.0, 0.0, 0.0, 0.0, 0.0, 0.0, 23.22578, 9618.592, 413.97695,0.0
88.65312, 60.00000000000001, 60.00000000000001, 60.00000000000001, 0.010681000000680185, 0.0029779999998198947, 0.0165060000002023, nan, nan, nan, 0.0, 0.0, -0.0, 0.0, -0.0, -0.0, 0.0, 0.0, 0.0, 0.0, 0.0, 0.0, 23.2267, 9617.776, 413.97635,0.0
89.36916000000001, 60.00000000000001, 60.00000000000001, 60.00000000000001, 0.010681000000675312, 0.0029779999998198947, 0.0165060000002023, nan, nan, nan, 0.0, -0.0, 0.0, 0.0, -0.0, -0.0, 0.0, 0.0, 0.0, 0.0, 0.0, 0.0, 23.22424, 9616.171999999999, 413.97985,0.0
90.06948000000001, 60.00000000000001, 60.00000000000001, 60.00000000000001, 0.010681000000675312, 0.0029779999998198947, 0.0165060000002023, nan, nan, nan, 0.0, -0.0, -0.0, -0.0, 0.0, 0.0, 0.0, 0.0, 0.0, 0.0, 0.0, 0.0, 23.23478, 9611.343, 413.9792,0.0
90.80132, 60.00000000000001, 60.00000000000001, 60.00000000000001, 0.010681000000675312, 0.0029779999998198947, 0.0165060000002023, nan, nan, nan, 0.0, 0.0, -0.0, 0.0, 0.0, 0.0, 0.0, 0.0, 0.0, 0.0, 0.0, 0.0, 23.23296, 9615.689999999999, 413.97855,0.0
91.52212, 60.00000000000001, 60.00000000000001, 60.00000000000001, 0.010681000000680185, 0.0029779999998198947, 0.0165060000002023, nan, nan, nan, 0.0, -0.0, -0.0, 0.0, 0.0, 0.0, 0.0, 0.0, 0.0, 0.0, 0.0, 0.0, 23.21799, 9613.59, 413.97715000000005,0.0
92.25368, 60.00000000000001, 60.00000000000001, 60.00000000000001, 0.010681000000675312, 0.0029779999998188022, 0.0165060000002023, nan, nan, nan, 0.0, 0.0, 0.0, 0.0, -0.0, 0.0, 0.0, 0.0, 0.0, 0.0, 0.0, 0.0, 23.228920000000002, 9614.73, 413.97825,0.0
92.91428, 60.00000000000001, 60.00000000000001, 60.00000000000001, 0.010681000000680185, 0.0029779999998198947, 0.0165060000002023, nan, nan, nan, 0.0, -0.0, 0.0, -0.0, 0.0, 0.0, 0.0, 0.0, 0.0, 0.0, 0.0, 0.0, 23.22475, 9614.319, 413.98040000000003,0.0
93.6538, 60.00000000000001, 60.00000000000001, 60.00000000000001, 0.010681000000675312, 0.0029779999998198947, 0.016506000000195996, nan, nan, nan, 0.0, -0.0, -0.0, -0.0, 0.0, 0.0, 0.0, 0.0, 0.0, 0.0, 0.0, 0.0, 23.22797, 9615.544000000002, 413.98135,0.0
94.36388000000001, 60.00000000000001, 60.00000000000001, 60.00000000000001, 0.010681000000675312, 0.0029779999998188022, 0.016506000000195996, nan, nan, nan, 0.0, 0.0, 0.0, 0.0, 0.0, 0.0, 0.0, 0.0, 0.0, 0.0, 0.0, 0.0, 23.21981, 9614.601999999999, 413.97875,0.0
95.10116000000001, 60.00000000000001, 60.00000000000001, 60.00000000000001, 0.010681000000675312, 0.0029779999998198947, 0.016506000000195996, nan, nan, nan, -0.0, -0.0, 0.0, 0.0, 0.0, 0.0, 0.0, 0.0, 0.0, 0.0, 0.0, 0.0, 23.21994, 9616.979, 413.97535000000005,0.0
95.80252, 60.00000000000001, 60.00000000000001, 60.00000000000001, 0.010681000000680185, 0.0029779999998198947, 0.0165060000002023, nan, nan, nan, 0.0, 0.0, 0.0, 0.0, 0.0, 0.0, 0.0, 0.0, 0.0, 0.0, 0.0, 0.0, 23.22231, 9615.797, 413.98135,0.0
96.50956000000001, 60.00000000000001, 60.00000000000001, 60.00000000000001, 0.010681000000680185, 0.0029779999998198947, 0.016506000000195996, nan, nan, nan, -0.0, -0.0, 0.0, -0.0, 0.0, 0.0, 0.0, 0.0, 0.0, 0.0, 0.0, 0.0, 23.218919999999997, 9613.439999999999, 413.97875,0.0
97.18140000000001, 60.00000000000001, 60.00000000000001, 60.00000000000001, 0.010681000000680185, 0.0029779999998188022, 0.0165060000002023, nan, nan, nan, -0.0, 0.0, 0.0, -0.0, 0.0, 0.0, 0.0, 0.0, 0.0, 0.0, 0.0, 0.0, 23.225740000000002, 9613.43, 413.97865,0.0
97.92020000000001, 60.00000000000001, 60.00000000000001, 60.00000000000001, 0.010681000000675312, 0.0029779999998198947, 0.016506000000195996, nan, nan, nan, -0.0, -0.0, 0.0, 0.0, 0.0, -0.0, 0.0, 0.0, 0.0, 0.0, 0.0, 0.0, 23.22533, 9617.979, 413.97985,0.0
98.65, 60.00000000000001, 60.00000000000001, 60.00000000000001, 0.010681000000680185, 0.0029779999998198947, 0.0165060000002023, nan, nan, nan, 0.0, -0.0, 0.0, -0.0, 0.0, 0.0, 0.0, 0.0, 0.0, 0.0, 0.0, 0.0, 23.22188, 9615.237000000001, 413.9779,0.0
99.38008, 60.00000000000001, 60.00000000000001, 60.00000000000001, 0.010681000000675312, 0.0029779999998188022, 0.0165060000002023, nan, nan, nan, 0.0, -0.0, -0.0, -0.0, -0.0, 0.0, 0.0, 0.0, 0.0, 0.0, 0.0, 0.0, 23.22079, 9611.759, 413.97670000000005,0.0
100.07764, 60.00000000000001, 60.00000000000001, 60.00000000000001, 0.010681000000680185, 0.0029779999998198947, 0.0165060000002023, nan, nan, nan, -0.0, 0.0, 0.0, 0.0, 0.0, -0.0, 0.0, 0.0, 0.0, 0.0, 0.0, 0.0, 23.227240000000002, 9615.572, 413.97775,0.0
100.74124, 60.00000000000001, 60.00000000000001, 60.00000000000001, 0.010681000000675312, 0.0029779999998188022, 0.016506000000195996, nan, nan, nan, 0.0, 0.0, -0.0, 0.0, -0.0, -0.0, 0.0, 0.0, 0.0, 0.0, 0.0, 0.0, 23.22918, 9616.427, 413.97875,0.0
101.35788000000001, 60.00000000000001, 60.00000000000001, 60.00000000000001, 0.010681000000680185, 0.0029779999998188022, 0.0165060000002023, nan, nan, nan, 0.0, 0.0, 0.0, 0.0, 0.0, 0.0, 0.0, 0.0, 0.0, 0.0, 0.0, 0.0, 23.22532, 9614.137999999999, 413.97950000000003,0.0
102.09016000000001, 60.00000000000001, 60.00000000000001, 60.00000000000001, 0.010681000000680185, 0.0029779999998198947, 0.0165060000002023, nan, nan, nan, 0.0, 0.0, 0.0, 0.0, 0.0, 0.0, 0.0, 0.0, 0.0, 0.0, 0.0, 0.0, 23.22494, 9614.400000000001, 413.97569999999996,0.0
102.82348, 60.00000000000001, 60.00000000000001, 60.00000000000001, 0.010681000000680185, 0.0029779999998188022, 0.016506000000195996, nan, nan, nan, 0.0, 0.0, 0.0, -0.0, -0.0, 0.0, 0.0, 0.0, 0.0, 0.0, 0.0, 0.0, 23.227899999999998, 9613.807, 413.98045,0.0
103.56176, 60.00000000000001, 60.00000000000001, 60.00000000000001, 0.010681000000680185, 0.0029779999998198947, 0.016506000000195996, nan, nan, nan, 0.0, 0.0, 0.0, 0.0, 0.0, 0.0, 0.0, 0.0, 0.0, 0.0, 0.0, 0.0, 23.22725, 9618.582, 413.9768,0.0
104.27308000000001, 60.00000000000001, 60.00000000000001, 60.00000000000001, 0.010681000000675312, 0.0029779999998198947, 0.0165060000002023, nan, nan, nan, 0.0, 0.0, 0.0, 0.0, 0.0, 0.0, 0.0, 0.0, 0.0, 0.0, 0.0, 0.0, 23.22835, 9616.276999999998, 413.9759,0.0
104.96416, 60.00000000000001, 60.00000000000001, 60.00000000000001, 0.010681000000680185, 0.0029779999998198947, 0.0165060000002023, nan, nan, nan, -0.0, 0.0, 0.0, 0.0, 0.0, 0.0, 0.0, 0.0, 0.0, 0.0, 0.0, 0.0, 23.2302, 9615.326000000001, 413.97945,0.0
105.62552000000001, 60.00000000000001, 60.00000000000001, 60.00000000000001, 0.010681000000680185, 0.0029779999998188022, 0.0165060000002023, nan, nan, nan, 0.0, 0.0, 0.0, 0.0, 0.0, -0.0, 0.0, 0.0, 0.0, 0.0, 0.0, 0.0, 23.2209, 9614.145, 413.97429999999997,0.0
106.34856, 60.00000000000001, 60.00000000000001, 60.00000000000001, 0.010681000000680185, 0.0029779999998188022, 0.016506000000195996, nan, nan, nan, 0.0, 0.0, 0.0, 0.0, 0.0, 0.0, 0.0, 0.0, 0.0, 0.0, 0.0, 0.0, 23.2335, 9616.433, 413.97974999999997,0.0
107.05040000000001, 60.00000000000001, 60.00000000000001, 60.00000000000001, 0.010681000000675312, 0.0029779999998188022, 0.016506000000195996, nan, nan, nan, 0.0, 0.0, 0.0, 0.0, 0.0, -0.0, 0.0, 0.0, 0.0, 0.0, 0.0, 0.0, 23.23092, 9616.119999999999, 413.97505,0.0
107.80344000000001, 60.00000000000001, 60.00000000000001, 60.00000000000001, 0.010681000000680185, 0.0029779999998188022, 0.0165060000002023, nan, nan, nan, 0.0, 0.0, -0.0, 0.0, -0.0, -0.0, 0.0, 0.0, 0.0, 0.0, 0.0, 0.0, 23.22701, 9614.818, 413.97495000000004,0.0
108.50324, 60.00000000000001, 60.00000000000001, 60.00000000000001, 0.010681000000675312, 0.0029779999998198947, 0.0165060000002023, nan, nan, nan, -0.0, 0.0, 0.0, 0.0, 0.0, 0.0, 0.0, 0.0, 0.0, 0.0, 0.0, 0.0, 23.22925, 9615.932, 413.97535,0.0
109.20032, 60.00000000000001, 60.00000000000001, 60.00000000000001, 0.010681000000675312, 0.0029779999998188022, 0.016506000000195996, nan, nan, nan, 0.0, -0.0, 0.0, -0.0, -0.0, 0.0, 0.0, 0.0, 0.0, 0.0, 0.0, 0.0, 23.232039999999998, 9613.057, 413.97794999999996,0.0
109.86444000000002, 60.00000000000001, 60.00000000000001, 60.00000000000001, 0.010681000000680185, 0.0029779999998188022, 0.016506000000195996, nan, nan, nan, -0.0, 0.0, 0.0, 0.0, 0.0, 0.0, 0.0, 0.0, 0.0, 0.0, 0.0, 0.0, 23.22871, 9615.788, 413.97810000000004,0.0
110.58648000000001, 60.00000000000001, 60.00000000000001, 60.00000000000001, 0.010681000000675312, 0.0029780000002764388, 0.016506000000195996, nan, nan, nan, 0.0, 0.0, 0.0, 0.0, 0.0, -0.0, 0.0, 0.0, 0.0, 0.0, 0.0, 0.0, 23.22752, 9614.818, 413.9748,0.0
111.30804, 60.00000000000001, 60.00000000000001, 60.00000000000001, 0.010681000000680185, 0.0029780000002764388, 0.0165060000002023, nan, nan, nan, 0.0, 0.0, 0.0, 0.0, -0.0, -0.0, 0.0, 0.0, 0.0, 0.0, 0.0, 0.0, 23.22786, 9616.332999999999, 413.97835,0.0
112.0566, 60.00000000000001, 60.00000000000001, 60.00000000000001, 0.010681000000675312, 0.0029780000002764388, 0.016506000000195996, nan, nan, nan, 0.0, 0.0, -0.0, 0.0, 0.0, -0.0, 0.0, 0.0, 0.0, 0.0, 0.0, 0.0, 23.23443, 9617.037, 413.9817,0.0
112.73568000000002, 60.00000000000001, 60.00000000000001, 60.00000000000001, 0.010681000000675312, 0.0029780000002764388, 0.0165060000002023, nan, nan, nan, 0.0, 0.0, 0.0, 0.0, 0.0, -0.0, 0.0, 0.0, 0.0, 0.0, 0.0, 0.0, 23.22844, 9616.135, 413.97995000000003,0.0
113.40500000000002, 60.00000000000001, 60.00000000000001, 60.00000000000001, 0.010681000000675312, 0.0029780000002742548, 0.0165060000002023, nan, nan, nan, 0.0, 0.0, -0.0, 0.0, -0.0, 0.0, 0.0, 0.0, 0.0, 0.0, 0.0, 0.0, 23.23121, 9614.52, 413.97995000000003,0.0
114.06984000000001, 60.00000000000001, 60.00000000000001, 60.00000000000001, 0.010681000000680185, 0.0029780000002764388, 0.016506000000195996, nan, nan, nan, 0.0, -0.0, 0.0, -0.0, 0.0, 0.0, 0.0, 0.0, 0.0, 0.0, 0.0, 0.0, 23.225740000000002, 9613.472, 413.97815,0.0
114.79068000000001, 60.00000000000001, 60.00000000000001, 60.00000000000001, 0.010681000000680185, 0.0029780000002764388, 0.0165060000002023, nan, nan, nan, 0.0, 0.0, 0.0, 0.0, 0.0, -0.0, 0.0, 0.0, 0.0, 0.0, 0.0, 0.0, 23.22569, 9611.954000000002, 413.97505,0.0
115.51024000000001, 60.00000000000001, 60.00000000000001, 60.00000000000001, 0.010681000000680185, 0.0029780000002764388, 0.0165060000002023, nan, nan, nan, 0.0, 0.0, 0.0, 0.0, 0.0, 0.0, 0.0, 0.0, 0.0, 0.0, 0.0, 0.0, 23.23364, 9615.312, 413.9758,0.0
116.25028, 60.00000000000001, 60.00000000000001, 60.00000000000001, 0.010681000000675312, 0.0029780000002764388, 0.0165060000002023, nan, nan, nan, -0.0, -0.0, 0.0, -0.0, 0.0, 0.0, 0.0, 0.0, 0.0, 0.0, 0.0, 0.0, 23.22226, 9614.09, 413.97875,0.0
116.9496, 60.00000000000001, 60.00000000000001, 60.00000000000001, 0.010681000000680185, 0.0029780000002742548, 0.0165060000002023, nan, nan, nan, -0.0, -0.0, 0.0, -0.0, 0.0, 0.0, 0.0, 0.0, 0.0, 0.0, 0.0, 0.0, 23.219299999999997, 9613.158, 413.97835,0.0
117.63892000000001, 60.00000000000001, 60.00000000000001, 60.00000000000001, 0.010681000000675312, 0.0029780000002764388, 0.0165060000002023, nan, nan, nan, 0.0, 0.0, -0.0, -0.0, -0.0, 0.0, 0.0, 0.0, 0.0, 0.0, 0.0, 0.0, 23.23197, 9615.052, 413.9754,0.0
118.29904, 60.00000000000001, 60.00000000000001, 60.00000000000001, 0.010681000000675312, 0.0029780000002742548, 0.0165060000002023, nan, nan, nan, 0.0, -0.0, 0.0, -0.0, 0.0, 0.0, 0.0, 0.0, 0.0, 0.0, 0.0, 0.0, 23.2246, 9613.088, 413.977,0.0
119.02860000000001, 60.00000000000001, 60.00000000000001, 60.00000000000001, 0.010681000000675312, 0.0029780000002742548, 0.0165060000002023, nan, nan, nan, -0.0, 0.0, 0.0, 0.0, 0.0, 0.0, 0.0, 0.0, 0.0, 0.0, 0.0, 0.0, 23.22841, 9618.483, 413.97794999999996,0.0
119.72916000000001, 60.00000000000001, 60.00000000000001, 60.00000000000001, 0.010681000000675312, 0.0029780000002742548, 0.0165060000002023, nan, nan, nan, 0.0, 0.0, 0.0, 0.0, 0.0, 0.0, 0.0, 0.0, 0.0, 0.0, 0.0, 0.0, 23.231250000000003, 9616.415, 413.9755,0.0
120.46944, 60.00000000000001, 60.00000000000001, 60.00000000000001, 0.010681000000675312, 0.0029780000002764388, 0.0165060000002023, nan, nan, nan, 0.0, -0.0, -0.0, -0.0, -0.0, 0.0, 0.0, 0.0, 0.0, 0.0, 0.0, 0.0, 23.232599999999998, 9616.779999999999, 413.98045,0.0
121.17004000000001, 60.00000000000001, 60.00000000000001, 60.00000000000001, 0.010681000000675312, 0.0029780000002764388, 0.0165060000002023, nan, nan, nan, 0.0, 0.0, 0.0, 0.0, 0.0, -0.0, 0.0, 0.0, 0.0, 0.0, 0.0, 0.0, 23.23446, 9617.017, 413.97835,0.0
121.85836, 60.00000000000001, 60.00000000000001, 60.00000000000001, 0.010681000000680185, 0.0029780000002742548, 0.0165060000002023, nan, nan, nan, 0.0, 0.0, 0.0, 0.0, -0.0, -0.0, 0.0, 0.0, 0.0, 0.0, 0.0, 0.0, 23.224429999999998, 9615.440999999999, 413.9783,0.0
122.51544000000001, 60.00000000000001, 60.00000000000001, 60.00000000000001, 0.010681000000680185, 0.0029780000002742548, 0.0165060000002023, nan, nan, nan, 0.0, 0.0, 0.0, 0.0, 0.0, 0.0, 0.0, 0.0, 0.0, 0.0, 0.0, 0.0, 23.23199, 9613.04, 413.9801,0.0
123.24876, 60.00000000000001, 60.00000000000001, 60.00000000000001, 0.010681000000680185, 0.0029780000002764388, 0.0165060000002023, nan, nan, nan, 0.0, 0.0, 0.0, 0.0, 0.0, 0.0, 0.0, 0.0, 0.0, 0.0, 0.0, 0.0, 23.22994, 9616.665, 413.978,0.0
123.95632, 60.00000000000001, 60.00000000000001, 60.00000000000001, 0.010681000000680185, 0.0029780000002764388, 0.0165060000002023, nan, nan, nan, 0.0, 0.0, -0.0, 0.0, -0.0, -0.0, 0.0, 0.0, 0.0, 0.0, 0.0, 0.0, 23.23384, 9615.591, 413.9779,0.0
124.69864000000001, 60.00000000000001, 60.00000000000001, 60.00000000000001, 0.010681000000680185, 0.0029780000002742548, 0.0165060000002023, nan, nan, nan, 0.0, 0.0, 0.0, 0.0, 0.0, 0.0, 0.0, 0.0, 0.0, 0.0, 0.0, 0.0, 23.22667, 9614.843, 413.9767,0.0
125.40620000000001, 60.00000000000001, 60.00000000000001, 60.00000000000001, 0.010681000000675312, 0.0029780000002742548, 0.0165060000002023, nan, nan, nan, 0.0, 0.0, -0.0, -0.0, -0.0, 0.0, 0.0, 0.0, 0.0, 0.0, 0.0, 0.0, 23.23057, 9615.724, 413.97755,0.0
126.09852000000001, 60.00000000000001, 60.00000000000001, 60.00000000000001, 0.010681000000675312, 0.0029780000002764388, 0.0165060000002023, nan, nan, nan, 0.0, 0.0, 0.0, 0.0, 0.0, -0.0, 0.0, 0.0, 0.0, 0.0, 0.0, 0.0, 23.225810000000003, 9617.282, 413.98175000000003,0.0
126.75188000000001, 60.00000000000001, 60.00000000000001, 60.00000000000001, 0.010681000000680185, 0.0029780000002742548, 0.0165060000002023, nan, nan, nan, 0.0, -0.0, 0.0, 0.0, 0.0, 0.0, 0.0, 0.0, 0.0, 0.0, 0.0, 0.0, 23.232100000000003, 9617.954, 413.98065,0.0
127.46968000000001, 60.00000000000001, 60.00000000000001, 60.00000000000001, 0.010681000000675312, 0.0029780000002742548, 0.0165060000002023, nan, nan, nan, 0.0, -0.0, -0.0, -0.0, -0.0, -0.0, 0.0, 0.0, 0.0, 0.0, 0.0, 0.0, 23.22639, 9617.402, 413.9823,0.0
128.185, 60.00000000000001, 60.00000000000001, 60.00000000000001, 0.010681000000680185, 0.0029780000002764388, 0.0165060000002023, nan, nan, nan, 0.0, 0.0, -0.0, 0.0, 0.0, 0.0, 0.0, 0.0, 0.0, 0.0, 0.0, 0.0, 23.233249999999998, 9615.252, 413.98114999999996,0.0
128.9258, 60.00000000000001, 60.00000000000001, 60.00000000000001, 0.010681000000675312, 0.0029780000002764388, 0.0165060000002023, nan, nan, nan, 0.0, 0.0, 0.0, 0.0, 0.0, 0.0, 0.0, 0.0, 0.0, 0.0, 0.0, 0.0, 23.22491, 9615.835, 413.97935,0.0
129.64936, 60.00000000000001, 60.00000000000001, 60.00000000000001, 0.010681000000680185, 0.0029780000002764388, 0.0165060000002023, nan, nan, nan, -0.0, 0.0, 0.0, 0.0, 0.0, 0.0, 0.0, 0.0, 0.0, 0.0, 0.0, 0.0, 23.22391, 9615.012999999999, 413.98215,0.0
130.33444, 60.00000000000001, 60.00000000000001, 60.00000000000001, 0.010681000000680185, 0.0029780000002764388, 0.0165060000002023, nan, nan, nan, -0.0, -0.0, 0.0, 0.0, 0.0, 0.0, 0.0, 0.0, 0.0, 0.0, 0.0, 0.0, 23.23426, 9616.275000000001, 413.97974999999997,0.0
131.00152, 60.00000000000001, 60.00000000000001, 60.00000000000001, 0.010681000000685057, 0.0029780000002764388, 0.0165060000002023, nan, nan, nan, 0.0, 0.0, 0.0, 0.0, -0.0, 0.0, 0.0, 0.0, 0.0, 0.0, 0.0, 0.0, 23.22594, 9616.867, 413.9823,0.0
131.75632000000002, 60.00000000000001, 60.00000000000001, 60.00000000000001, 0.010681000000685057, 0.0029780000002764388, 0.0165060000002023, nan, nan, nan, 0.0, -0.0, -0.0, 0.0, 0.0, 0.0, 0.0, 0.0, 0.0, 0.0, 0.0, 0.0, 23.22408, 9616.028, 413.97465,0.0
132.45788000000002, 60.00000000000001, 60.00000000000001, 60.00000000000001, 0.010681000000685057, 0.0029780000002764388, 0.0165060000002023, nan, nan, nan, 0.0, 0.0, 0.0, 0.0, 0.0, 0.0, 0.0, 0.0, 0.0, 0.0, 0.0, 0.0, 23.22549, 9613.57, 413.97655,0.0
133.20692000000003, 60.00000000000001, 60.00000000000001, 60.00000000000001, 0.010681000000680185, 0.0029780000002764388, 0.0165060000002023, nan, nan, nan, 0.0, 0.0, -0.0, -0.0, -0.0, -0.0, 0.0, 0.0, 0.0, 0.0, 0.0, 0.0, 23.235979999999998, 9615.393, 413.9778,0.0
133.87928000000002, 60.00000000000001, 60.00000000000001, 60.00000000000001, 0.010681000000685057, 0.0029780000002764388, 0.0165060000002023, nan, nan, nan, -0.0, 0.0, 0.0, 0.0, 0.0, 0.0, 0.0, 0.0, 0.0, 0.0, 0.0, 0.0, 23.22794, 9615.838, 413.97735,0.0
134.57784, 60.00000000000001, 60.00000000000001, 60.00000000000001, 0.010681000000685057, 0.0029780000002742548, 0.01650600000021491, nan, nan, nan, -0.0, 0.0, 0.0, -0.0, 0.0, 0.0, 0.0, 0.0, 0.0, 0.0, 0.0, 0.0, 23.229480000000002, 9618.991, 413.97645,0.0
135.27968, 60.00000000000001, 60.00000000000001, 60.00000000000001, 0.010681000000675312, 0.0029780000002764388, 0.0165060000002023, nan, nan, nan, -0.0, -0.0, 0.0, 0.0, 0.0, 0.0, 0.0, 0.0, 0.0, 0.0, 0.0, 0.0, 23.22881, 9614.266, 413.97665,0.0
136.01924000000002, 60.00000000000001, 60.00000000000001, 60.00000000000001, 0.010681000000680185, 0.0029780000002764388, 0.0165060000002023, nan, nan, nan, 0.0, 0.0, 0.0, 0.0, 0.0, 0.0, 0.0, 0.0, 0.0, 0.0, 0.0, 0.0, 23.22548, 9616.219000000001, 413.97479999999996,0.0
136.75028, 60.00000000000001, 60.00000000000001, 60.00000000000001, 0.010681000000680185, 0.0029780000002742548, 0.0165060000002023, nan, nan, nan, 0.0, 0.0, 0.0, 0.0, 0.0, -0.0, 0.0, 0.0, 0.0, 0.0, 0.0, 0.0, 23.22341, 9616.653999999999, 413.9772,0.0
137.48108000000002, 60.00000000000001, 60.00000000000001, 60.00000000000001, 0.010681000000689929, 0.0029780000002742548, 0.01650600000021491, nan, nan, nan, -0.0, -0.0, 0.0, -0.0, 0.0, 0.0, 0.0, 0.0, 0.0, 0.0, 0.0, 0.0, 23.22761, 9618.095000000001, 413.9779,0.0
138.15292000000002, 60.00000000000001, 60.00000000000001, 60.00000000000001, 0.010681000000680185, 0.0029780000002764388, 0.0165060000002023, nan, nan, nan, 0.0, -0.0, -0.0, -0.0, -0.0, 0.0, 0.0, 0.0, 0.0, 0.0, 0.0, 0.0, 23.221809999999998, 9614.116999999998, 413.97580000000005,0.0
138.85376000000002, 60.00000000000001, 60.00000000000001, 60.00000000000001, 0.010681000000680185, 0.0029780000002764388, 0.0165060000002023, nan, nan, nan, 0.0, 0.0, 0.0, 0.0, 0.0, 0.0, 0.0, 0.0, 0.0, 0.0, 0.0, 0.0, 23.22907, 9614.616, 413.97535000000005,0.0
139.57204000000002, 60.00000000000001, 60.00000000000001, 60.00000000000001, 0.010681000000689929, 0.0029780000002764388, 0.0165060000002023, nan, nan, nan, 0.0, 0.0, 0.0, 0.0, 0.0, 0.0, 0.0, 0.0, 0.0, 0.0, 0.0, 0.0, 23.22842, 9616.402999999998, 413.97825,0.0
140.3126, 60.00000000000001, 60.00000000000001, 60.00000000000001, 0.010681000000680185, 0.0029780000002764388, 0.0165060000002023, nan, nan, nan, -0.0, -0.0, -0.0, -0.0, 0.0, 0.0, 0.0, 0.0, 0.0, 0.0, 0.0, 0.0, 23.230420000000002, 9614.857, 413.97545,0.0
141.03168000000002, 60.00000000000001, 60.00000000000001, 60.00000000000001, 0.010681000000680185, 0.0029780000002764388, 0.0165060000002023, nan, nan, nan, -0.0, -0.0, 0.0, 0.0, -0.0, -0.0, 0.0, 0.0, 0.0, 0.0, 0.0, 0.0, 23.22608, 9616.498, 413.9773,0.0
141.77296, 60.00000000000001, 60.00000000000001, 60.00000000000001, 0.010681000000689929, 0.0029780000002742548, 0.0165060000002023, nan, nan, nan, 0.0, -0.0, 0.0, 0.0, 0.0, 0.0, 0.0, 0.0, 0.0, 0.0, 0.0, 0.0, 23.22739, 9615.521, 413.98019999999997,0.0
142.44932, 60.00000000000001, 60.00000000000001, 60.00000000000001, 0.010681000000689929, 0.0029780000002764388, 0.01650600000021491, nan, nan, nan, 0.0, -0.0, 0.0, -0.0, 0.0, 0.0, 0.0, 0.0, 0.0, 0.0, 0.0, 0.0, 23.22634, 9613.850999999999, 413.9794,0.0
143.17984, 60.00000000000001, 60.00000000000001, 60.00000000000001, 0.010681000000680185, 0.0029780000002764388, 0.0165060000002023, nan, nan, nan, -0.0, -0.0, 0.0, -0.0, -0.0, -0.0, 0.0, 0.0, 0.0, 0.0, 0.0, 0.0, 23.223860000000002, 9615.631, 413.9801,0.0
143.91992000000002, 60.00000000000001, 60.00000000000001, 60.00000000000001, 0.010681000000680185, 0.0029780000002764388, 0.01650600000021491, nan, nan, nan, 0.0, 0.0, 0.0, 0.0, 0.0, 0.0, 0.0, 0.0, 0.0, 0.0, 0.0, 0.0, 23.22861, 9615.978, 413.97665,0.0
144.68068000000002, 60.00000000000001, 60.00000000000001, 60.00000000000001, 0.010681000000680185, 0.0029780000002764388, 0.0165060000002023, nan, nan, nan, 0.0, -0.0, 0.0, -0.0, 0.0, 0.0, 0.0, 0.0, 0.0, 0.0, 0.0, 0.0, 23.224890000000002, 9613.643, 413.97794999999996,0.0
145.36404000000002, 60.00000000000001, 60.00000000000001, 60.00000000000001, 0.010681000000680185, 0.0029780000002764388, 0.0165060000002023, nan, nan, nan, 0.0, -0.0, 0.0, -0.0, 0.0, 0.0, 0.0, 0.0, 0.0, 0.0, 0.0, 0.0, 23.222189999999998, 9613.515, 413.97929999999997,0.0
146.04860000000002, 60.00000000000001, 60.00000000000001, 60.00000000000001, 0.010681000000689929, 0.0029780000002764388, 0.01650600000021491, nan, nan, nan, -0.0, 0.0, 0.0, 0.0, 0.0, 0.0, 0.0, 0.0, 0.0, 0.0, 0.0, 0.0, 23.2225, 9614.172999999999, 413.97825,0.0
146.77716, 60.00000000000001, 60.00000000000001, 60.00000000000001, 0.010681000000680185, 0.0029780000002764388, 0.01650600000021491, nan, nan, nan, 0.0, 0.0, 0.0, 0.0, 0.0, -0.0, 0.0, 0.0, 0.0, 0.0, 0.0, 0.0, 23.225230000000003, 9617.402999999998, 413.9785,0.0
147.54844, 60.00000000000001, 60.00000000000001, 60.00000000000001, 0.010681000000689929, 0.0029780000002764388, 0.0165060000002023, nan, nan, nan, -0.0, -0.0, -0.0, -0.0, -0.0, -0.0, 0.0, 0.0, 0.0, 0.0, 0.0, 0.0, 23.2226, 9615.57, 413.9787,0.0
148.26452, 60.00000000000001, 60.00000000000001, 60.00000000000001, 0.010681000000680185, 0.0029780000002764388, 0.0165060000002023, nan, nan, nan, 0.0, 0.0, 0.0, 0.0, 0.0, 0.0, 0.0, 0.0, 0.0, 0.0, 0.0, 0.0, 23.23209, 9617.101, 413.9759,0.0
148.95956, 60.00000000000001, 60.00000000000001, 60.00000000000001, 0.010681000000680185, 0.0029780000002742548, 0.0165060000002023, nan, nan, nan, 0.0, -0.0, 0.0, 0.0, 0.0, 0.0, 0.0, 0.0, 0.0, 0.0, 0.0, 0.0, 23.22007, 9615.185, 413.9751,0.0
